Date,Open,High,Low,Close,Adj Close,Volume
2018-01-02,246.14999389648438,247.08999633789062,245.74000549316406,247.08999633789062,235.1840362548828,2784300
2018-01-03,247.24000549316406,248.6999969482422,247.17999267578125,248.55999755859375,236.5831756591797,2917700
2018-01-04,249.27000427246094,250.1199951171875,249.1699981689453,249.64999389648438,237.62063598632812,2918000
2018-01-05,250.4600067138672,251.39999389648438,249.9499969482422,251.25,239.14356994628906,2190200
2018-01-08,251.16000366210938,251.8800048828125,250.8699951171875,251.77000427246094,239.63851928710938,2476200
2018-01-09,252.17999267578125,252.94000244140625,251.91000366210938,252.3000030517578,240.1429901123047,2129800
2018-01-10,251.50999450683594,252.1699981689453,250.82000732421875,251.8699951171875,239.73367309570312,1953600
2018-01-11,252.47000122070312,253.72999572753906,252.3300018310547,253.72999572753906,241.50404357910156,2280300
2018-01-12,254.02999877929688,255.55999755859375,253.89999389648438,255.41000366210938,243.1031036376953,2054900
2018-01-16,256.7900085449219,257.3999938964844,253.8000030517578,254.47999572753906,242.21791076660156,3719600
2018-01-17,255.5,257.3500061035156,254.74000549316406,256.94000244140625,244.5594024658203,1867700
2018-01-18,256.8399963378906,257.2699890136719,256.0199890136719,256.5899963378906,244.22625732421875,3154200
2018-01-19,257.1499938964844,257.69000244140625,256.5299987792969,257.67999267578125,245.26373291015625,2541200
2018-01-22,257.45001220703125,259.7799987792969,257.45001220703125,259.75,247.23397827148438,1607800
2018-01-23,259.8399963378906,260.6300048828125,259.510009765625,260.3399963378906,247.7955780029297,2161100
2018-01-24,261.0299987792969,261.6300048828125,259.0199890136719,260.2099914550781,247.67181396484375,2935500
2018-01-25,261.1700134277344,261.2200012207031,259.5299987792969,260.3299865722656,247.78598022460938,3585600
2018-01-26,261.3299865722656,263.3699951171875,260.9700012207031,263.3599853515625,250.6699981689453,2857300
2018-01-29,262.8299865722656,263.25,261.4800109863281,261.5400085449219,248.937744140625,5145000
2018-01-30,259.6700134277344,260.3500061035156,258.4599914550781,258.75,246.28216552734375,6678900
2018-01-31,259.8299865722656,260.3800048828125,257.95001220703125,258.989990234375,246.51058959960938,5585800
2018-02-01,258.2900085449219,260.1199951171875,257.95001220703125,258.7300109863281,246.26316833496094,3125700
2018-02-02,257.3699951171875,257.5,253.08999633789062,253.19000244140625,240.9900665283203,5532200
2018-02-05,251.25999450683594,253.47000122070312,241.9199981689453,242.7899932861328,231.09120178222656,8559200
2018-02-06,238.8000030517578,247.80999755859375,237.6699981689453,247.27999877929688,235.36485290527344,11701700
2018-02-07,246.7100067138672,250.27999877929688,245.9199981689453,245.92999267578125,234.0798797607422,6240200
2018-02-08,246.25,246.42999267578125,236.6999969482422,236.7899932861328,225.3802947998047,6985700
2018-02-09,239.60000610351562,242.1999969482422,232.4199981689453,240.44000244140625,228.85443115234375,9713100
2018-02-12,242.5,245.32000732421875,240.66000366210938,243.74000549316406,231.99542236328125,4236200
2018-02-13,242.6300048828125,245.0,241.97000122070312,244.55999755859375,232.77590942382812,3077700
2018-02-14,243.0,248.1199951171875,242.83999633789062,247.75999450683594,235.82171630859375,3650800
2018-02-15,249.60000610351562,250.97000122070312,246.97999572753906,250.97000122070312,238.87704467773438,2923800
2018-02-16,250.27000427246094,253.0,250.1699981689453,250.94000244140625,238.8485107421875,3007500
2018-02-20,250.0,251.50999450683594,248.60000610351562,249.4199981689453,237.40176391601562,3454400
2018-02-21,249.86000061035156,252.44000244140625,248.11000061035156,248.11000061035156,236.1548614501953,2798000
2018-02-22,249.1699981689453,250.89999389648438,247.80999755859375,248.41000366210938,236.44039916992188,3177700
2018-02-23,249.82000732421875,252.49000549316406,249.3000030517578,252.49000549316406,240.3238067626953,2923100
2018-02-26,253.55999755859375,255.5,252.99000549316406,255.39999389648438,243.0935821533203,1892000
2018-02-27,255.6300048828125,256.3399963378906,252.13999938964844,252.13999938964844,239.99066162109375,2947100
2018-02-28,253.3699951171875,253.82000732421875,249.33999633789062,249.33999633789062,237.32557678222656,2716600
2018-03-01,249.52999877929688,251.02999877929688,244.4499969482422,246.0500030517578,234.1941375732422,5182300
2018-03-02,244.24000549316406,247.86000061035156,243.3300018310547,247.36000061035156,235.4409942626953,3276500
2018-03-05,246.02000427246094,250.7899932861328,245.9499969482422,250.1999969482422,238.1441650390625,3024600
2018-03-06,251.22000122070312,251.25,249.22999572753906,250.8300018310547,238.74380493164062,1932000
2018-03-07,248.5399932861328,251.07000732421875,248.36000061035156,250.72000122070312,238.6390838623047,2730200
2018-03-08,251.39999389648438,252.02000427246094,250.36000061035156,251.88999938964844,239.75271606445312,3021600
2018-03-09,253.39999389648438,256.260009765625,253.0500030517578,256.25,243.9026336669922,2450800
2018-03-12,256.6400146484375,257.25,255.5800018310547,256.0,243.66468811035156,2029200
2018-03-13,257.20001220703125,257.7099914550781,253.7100067138672,254.30999755859375,242.0561065673828,3080600
2018-03-14,255.3300018310547,255.50999450683594,252.4600067138672,252.97000122070312,240.78065490722656,2352700
2018-03-15,253.5500030517578,254.2100067138672,252.22000122070312,252.72999572753906,240.55223083496094,2161500
2018-03-16,253.22999572753906,254.0800018310547,252.97000122070312,252.99000549316406,240.79969787597656,1554600
2018-03-19,252.25,252.25999450683594,247.8699951171875,249.61000061035156,237.5825958251953,2715800
2018-03-20,249.99000549316406,250.66000366210938,249.3300018310547,250.0500030517578,238.00137329101562,1991400
2018-03-21,249.94000244140625,252.1199951171875,249.30999755859375,249.47000122070312,237.44931030273438,2777300
2018-03-22,247.11000061035156,248.0800018310547,243.02999877929688,243.27000427246094,231.54808044433594,3589400
2018-03-23,243.74000549316406,244.08999633789062,237.9199981689453,238.08999633789062,226.61767578125,3815500
2018-03-26,240.82000732421875,243.80999755859375,238.32000732421875,243.52999877929688,232.85572814941406,5529000
2018-03-27,244.47000122070312,245.0399932861328,237.77000427246094,239.30999755859375,228.82066345214844,3363600
2018-03-28,239.4600067138672,241.22000122070312,237.52999877929688,238.63999938964844,228.18002319335938,4384100
2018-03-29,239.85000610351562,243.61000061035156,239.0800018310547,242.0800018310547,231.46926879882812,2910800
2018-04-02,241.19000244140625,241.6999969482422,233.9199981689453,236.47999572753906,226.11473083496094,4696400
2018-04-03,237.80999755859375,240.0,235.92999267578125,239.47999572753906,228.9832305908203,3287900
2018-04-04,235.8699951171875,242.80999755859375,235.6999969482422,242.24000549316406,231.6222686767578,4598000
2018-04-05,243.89999389648438,244.88999938964844,242.8000030517578,243.99000549316406,233.29554748535156,3436600
2018-04-06,241.94000244140625,243.50999450683594,236.97999572753906,238.6199951171875,228.16091918945312,4931600
2018-04-09,240.14999389648438,243.25,239.32000732421875,239.58999633789062,229.0884246826172,2956000
2018-04-10,242.75,244.3800048828125,241.57000732421875,243.5399932861328,232.8652801513672,2903800
2018-04-11,242.0,243.99000549316406,241.9499969482422,242.25,231.63180541992188,2068300
2018-04-12,243.7100067138672,245.25,243.47000122070312,244.27999877929688,233.5728302001953,1723600
2018-04-13,245.83999633789062,245.83999633789062,242.5,243.60000610351562,232.92262268066406,2887700
2018-04-16,245.27000427246094,246.35000610351562,244.41000366210938,245.5800018310547,234.8158416748047,2149200
2018-04-17,247.4199981689453,248.80999755859375,246.8800048828125,248.22000122070312,237.34014892578125,2301800
2018-04-18,248.66000366210938,249.22000122070312,247.94000244140625,248.36000061035156,237.47401428222656,1365100
2018-04-19,247.6199951171875,247.88999938964844,245.9600067138672,247.0,236.17361450195312,1997100
2018-04-20,246.9499969482422,247.1300048828125,243.97000122070312,245.0,234.26129150390625,2103900
2018-04-23,245.5500030517578,246.0800018310547,243.75,244.88999938964844,234.1561279296875,1472600
2018-04-24,245.97000122070312,246.1199951171875,240.00999450683594,241.5500030517578,230.96250915527344,3653500
2018-04-25,241.50999450683594,242.6300048828125,239.60000610351562,242.1699981689453,231.55532836914062,2354800
2018-04-26,243.22000122070312,245.47000122070312,242.77000427246094,244.66000366210938,233.93618774414062,2106800
2018-04-27,245.22999572753906,245.57000732421875,243.88999938964844,244.9199981689453,234.18479919433594,2178600
2018-04-30,245.50999450683594,246.0500030517578,242.85000610351562,242.9199981689453,232.27247619628906,2146100
2018-05-01,242.4499969482422,243.52000427246094,240.75999450683594,243.44000244140625,232.76966857910156,2323100
2018-05-02,243.2100067138672,244.02000427246094,241.36000061035156,241.77999877929688,231.18240356445312,1636400
2018-05-03,240.8800048828125,241.89999389648438,237.9199981689453,241.2100067138672,230.6374053955078,2666500
2018-05-04,240.25,245.05999755859375,239.88999938964844,244.41000366210938,233.6971435546875,1785200
2018-05-07,245.19000244140625,246.19000244140625,244.4600067138672,245.1699981689453,234.423828125,3127200
2018-05-08,244.8300018310547,245.52999877929688,243.57000732421875,245.16000366210938,234.4142608642578,1924500
2018-05-09,245.86000061035156,247.89999389648438,245.36000061035156,247.5399932861328,236.68994140625,1506200
2018-05-10,248.36000061035156,250.1999969482422,248.25,249.86000061035156,238.90826416015625,1537600
2018-05-11,250.0399932861328,250.9199981689453,249.47999572753906,250.47000122070312,239.4915313720703,1703500
2018-05-14,251.1199951171875,251.75999450683594,250.2100067138672,250.75,239.75924682617188,1478200
2018-05-15,249.5,249.52000427246094,248.05999755859375,249.02999877929688,238.1146240234375,2600600
2018-05-16,249.0800018310547,250.5399932861328,249.07000732421875,250.08999633789062,239.12818908691406,2588700
2018-05-17,249.7899932861328,250.99000549316406,249.0800018310547,249.8800048828125,238.92738342285156,1714200
2018-05-18,249.52999877929688,249.85000610351562,248.88999938964844,249.25999450683594,238.33453369140625,1702800
2018-05-21,250.77000427246094,251.67999267578125,250.42999267578125,251.08999633789062,240.08436584472656,1262900
2018-05-22,251.6699981689453,251.94000244140625,250.10000610351562,250.3699951171875,239.3959197998047,1055400
2018-05-23,249.1199951171875,251.14999389648438,248.9499969482422,251.14999389648438,240.14170837402344,1484100
2018-05-24,250.74000549316406,251.0,248.75999450683594,250.6699981689453,239.68275451660156,2025300
2018-05-25,250.0399932861328,250.63999938964844,249.49000549316406,250.0399932861328,239.08035278320312,1654700
2018-05-29,248.27999877929688,249.0800018310547,245.97000122070312,247.14999389648438,236.3170166015625,4465800
2018-05-30,248.52999877929688,250.8800048828125,248.42999267578125,250.41000366210938,239.4341583251953,1359700
2018-05-31,249.99000549316406,250.3000030517578,248.27999877929688,248.7899932861328,237.88516235351562,2378800
2018-06-01,250.22999572753906,251.64999389648438,250.1699981689453,251.41000366210938,240.3903045654297,1953900
2018-06-04,252.1699981689453,252.8000030517578,251.9600067138672,252.52000427246094,241.45167541503906,2031500
2018-06-05,252.66000366210938,253.1300048828125,251.8699951171875,252.8699951171875,241.7863311767578,1491200
2018-06-06,253.3699951171875,254.9600067138672,252.72000122070312,254.88999938964844,243.7177734375,2763200
2018-06-07,255.3699951171875,255.6999969482422,253.8800048828125,254.77000427246094,243.60304260253906,2615900
2018-06-08,254.36000061035156,255.6199951171875,254.19000244140625,255.57000732421875,244.36798095703125,1517500
2018-06-11,255.7899932861328,256.6700134277344,255.6999969482422,255.89999389648438,244.68350219726562,2648000
2018-06-12,256.3900146484375,256.6300048828125,255.60000610351562,256.3299865722656,245.09461975097656,1182200
2018-06-13,256.5299987792969,256.7699890136719,255.22999572753906,255.30999755859375,244.119384765625,2507800
2018-06-14,256.30999755859375,256.6199951171875,255.4600067138672,256.04998779296875,244.82693481445312,1913800
2018-06-15,255.27000427246094,256.07000732421875,254.1300048828125,255.8300018310547,244.61659240722656,2000100
2018-06-18,254.17999267578125,255.36000061035156,253.7100067138672,255.22000122070312,244.03334045410156,2015800
2018-06-19,252.8300018310547,254.4600067138672,252.4199981689453,254.25,243.10580444335938,1863300
2018-06-20,254.97000122070312,255.3699951171875,254.32000732421875,254.7100067138672,243.54568481445312,1578200
2018-06-21,254.66000366210938,254.6699981689453,252.5800018310547,253.1199951171875,242.02537536621094,4037600
2018-06-22,254.39999389648438,254.52000427246094,253.32000732421875,253.57000732421875,242.45565795898438,3092000
2018-06-25,252.3699951171875,252.50999450683594,248.35000610351562,250.05999755859375,239.0994873046875,6690000
2018-06-26,250.66000366210938,251.52999877929688,249.91000366210938,250.61000061035156,239.62539672851562,2968600
2018-06-27,251.27000427246094,252.72999572753906,248.42999267578125,248.52999877929688,237.6365509033203,3433800
2018-06-28,247.3000030517578,249.60000610351562,246.6300048828125,248.8800048828125,239.084228515625,2638400
2018-06-29,249.97999572753906,251.36000061035156,249.10000610351562,249.50999450683594,239.689453125,3711600
2018-07-02,247.55999755859375,249.88999938964844,247.32000732421875,249.8000030517578,239.968017578125,1943100
2018-07-03,250.67999267578125,250.75999450683594,248.44000244140625,248.7899932861328,238.9977569580078,1157900
2018-07-05,250.07000732421875,250.94000244140625,248.91000366210938,250.9199981689453,241.0439453125,1948100
2018-07-06,250.91000366210938,253.38999938964844,250.52000427246094,253.00999450683594,243.05166625976562,2622200
2018-07-09,254.0500030517578,255.32000732421875,254.00999450683594,255.25,245.20352172851562,3979500
2018-07-10,255.75,256.29998779296875,255.4499969482422,256.1400146484375,246.0585174560547,1314500
2018-07-11,254.60000610351562,255.41000366210938,254.02999877929688,254.38999938964844,244.3773651123047,2335100
2018-07-12,255.66000366210938,256.6600036621094,255.00999450683594,256.57000732421875,246.47157287597656,2874000
2018-07-13,256.489990234375,257.1600036621094,255.99000549316406,256.7900085449219,246.6829071044922,1814500
2018-07-16,256.8900146484375,257.010009765625,256.1600036621094,256.6300048828125,246.52923583984375,993500
2018-07-17,255.85000610351562,258.05999755859375,255.8000030517578,257.7300109863281,247.58592224121094,1825900
2018-07-18,257.760009765625,258.32000732421875,257.2799987792969,258.20001220703125,248.0374298095703,2606800
2018-07-19,257.5,257.8999938964844,256.75,257.2200012207031,247.0959930419922,2050500
2018-07-20,257.0,257.6499938964844,256.7799987792969,256.9800109863281,246.86544799804688,2710700
2018-07-23,256.7300109863281,257.6099853515625,256.3999938964844,257.4700012207031,247.33615112304688,1447000
2018-07-24,258.8399963378906,259.57000732421875,257.82000732421875,258.67999267578125,248.49847412109375,2916000
2018-07-25,258.5400085449219,261.25,258.42999267578125,261.04998779296875,250.7752227783203,2608700
2018-07-26,260.1400146484375,261.010009765625,260.1000061035156,260.2799987792969,250.03555297851562,2166500
2018-07-27,260.7300109863281,260.739990234375,257.5799865722656,258.5899963378906,248.41204833984375,2666200
2018-07-30,258.6000061035156,258.7799987792969,256.6400146484375,257.1000061035156,246.980712890625,1601400
2018-07-31,258.0199890136719,259.0899963378906,257.6000061035156,258.3999938964844,248.22952270507812,1992500
2018-08-01,258.6400146484375,259.19000244140625,257.3500061035156,258.0799865722656,247.92210388183594,1651700
2018-08-02,256.7300109863281,259.6000061035156,256.4800109863281,259.3900146484375,249.1805877685547,1767300
2018-08-03,259.6000061035156,260.6600036621094,259.3900146484375,260.6600036621094,250.4005889892578,2017600
2018-08-06,260.55999755859375,261.8299865722656,260.20001220703125,261.6400146484375,251.34201049804688,1843000
2018-08-07,262.20001220703125,262.7799987792969,262.0799865722656,262.3699951171875,252.0432891845703,2619200
2018-08-08,262.2300109863281,262.6700134277344,261.7900085449219,262.2300109863281,251.9088134765625,1560400
2018-08-09,262.3299865722656,262.739990234375,261.760009765625,261.8999938964844,251.59173583984375,1084400
2018-08-10,260.3599853515625,260.9599914550781,259.42999267578125,260.1199951171875,249.88182067871094,2395500
2018-08-13,260.4100036621094,261.07000732421875,258.8999938964844,259.1400146484375,248.94044494628906,3684700
2018-08-14,259.94000244140625,261.07000732421875,259.54998779296875,260.80999755859375,250.5446319580078,1531800
2018-08-15,259.42999267578125,259.54998779296875,257.3900146484375,258.8900146484375,248.7002716064453,2587800
2018-08-16,260.3599853515625,261.8900146484375,260.3500061035156,260.989990234375,250.7175750732422,1693100
2018-08-17,260.7099914550781,262.3800048828125,260.3500061035156,261.8599853515625,251.55332946777344,2278800
2018-08-20,262.3999938964844,262.739990234375,261.8999938964844,262.44000244140625,252.1105194091797,1245500
2018-08-21,263.010009765625,263.9700012207031,262.8599853515625,263.010009765625,252.6580810546875,1937900
2018-08-22,262.6400146484375,263.45001220703125,262.3900146484375,262.92999267578125,252.5812530517578,1708100
2018-08-23,262.67999267578125,263.6300048828125,262.2099914550781,262.54998779296875,252.21620178222656,2308100
2018-08-24,263.1600036621094,264.2900085449219,263.1099853515625,264.20001220703125,253.80128479003906,2328900
2018-08-27,265.3800048828125,266.3500061035156,265.260009765625,266.19000244140625,255.71290588378906,2371000
2018-08-28,266.760009765625,266.8299865722656,265.8900146484375,266.3399963378906,255.85699462890625,3026900
2018-08-29,266.5899963378906,268.04998779296875,266.3399963378906,267.79998779296875,257.2595520019531,2116100
2018-08-30,267.30999755859375,267.7099914550781,266.1199951171875,266.7099914550781,256.2124328613281,2625500
2018-08-31,266.3299865722656,267.2200012207031,265.8299865722656,266.7200012207031,256.22210693359375,3172400
2018-09-04,266.3500061035156,266.6600036621094,265.260009765625,266.3500061035156,255.8666229248047,3623300
2018-09-05,265.9100036621094,266.1300048828125,264.5199890136719,265.6000061035156,255.1461944580078,4595500
2018-09-06,265.69000244140625,265.989990234375,263.70001220703125,264.82000732421875,254.3968505859375,1687900
2018-09-07,263.6300048828125,265.260009765625,263.45001220703125,264.17999267578125,253.7820281982422,2634100
2018-09-10,265.2799987792969,265.57000732421875,264.510009765625,264.67999267578125,254.26235961914062,2832700
2018-09-11,264.0299987792969,266.04998779296875,263.67999267578125,265.67999267578125,255.22296142578125,3420400
2018-09-12,265.6099853515625,266.260009765625,264.8299865722656,265.7099914550781,255.2518310546875,3019800
2018-09-13,266.7799987792969,267.4200134277344,266.4700012207031,267.2200012207031,256.702392578125,2087500
2018-09-14,267.4700012207031,267.6199951171875,266.4700012207031,267.3599853515625,256.83685302734375,1861000
2018-09-17,267.2200012207031,267.260009765625,265.5899963378906,265.8500061035156,255.38632202148438,2515300
2018-09-18,266.1000061035156,267.9200134277344,266.0899963378906,267.29998779296875,256.7791748046875,1823600
2018-09-19,267.3500061035156,268.0299987792969,267.2300109863281,267.6000061035156,257.0673828125,2077500
2018-09-20,268.8900146484375,270.1000061035156,268.7900085449219,269.75,259.1327819824219,3349700
2018-09-21,270.54998779296875,270.6700134277344,269.3699951171875,269.55999755859375,258.95025634765625,1352500
2018-09-24,268.92999267578125,269.07000732421875,268.0199890136719,268.6600036621094,258.0857238769531,2070900
2018-09-25,269.1000061035156,269.1700134277344,268.1499938964844,268.3299865722656,257.7686767578125,2360400
2018-09-26,267.32000732421875,268.5400085449219,265.95001220703125,266.3399963378906,257.0130920410156,2568400
2018-09-27,266.8800048828125,268.239990234375,266.6000061035156,267.0799865722656,257.7271423339844,3077500
2018-09-28,266.5,267.6499938964844,266.42999267578125,267.04998779296875,257.6982421875,1774300
2018-10-01,268.4599914550781,269.17999267578125,267.3900146484375,268.0400085449219,258.6535949707031,1968800
2018-10-02,267.9700012207031,268.6700134277344,267.54998779296875,268.010009765625,258.6246337890625,3034100
2018-10-03,269.0199890136719,269.4700012207031,267.7200012207031,268.239990234375,258.8465576171875,2505800
2018-10-04,267.57000732421875,267.6600036621094,264.3699951171875,266.0400085449219,256.7236022949219,5004400
2018-10-05,266.19000244140625,266.7699890136719,263.0199890136719,264.5400085449219,255.276123046875,2564700
2018-10-08,263.7699890136719,264.8500061035156,262.3800048828125,264.4700012207031,255.20860290527344,3219600
2018-10-09,264.1000061035156,265.45001220703125,263.54998779296875,264.1300048828125,254.88050842285156,2078000
2018-10-10,263.6199951171875,263.6199951171875,255.3699951171875,255.60000610351562,246.64923095703125,5803900
2018-10-11,254.80999755859375,256.2900085449219,248.4499969482422,250.22000122070312,241.45761108398438,9037000
2018-10-12,254.38999938964844,254.63999938964844,250.3000030517578,253.60000610351562,244.7192840576172,7116700
2018-10-15,253.19000244140625,254.55999755859375,252.0399932861328,252.2100067138672,243.37794494628906,3306200
2018-10-16,254.13999938964844,258.1000061035156,253.6999969482422,257.5799865722656,248.55987548828125,3308500
2018-10-17,257.75,258.3399963378906,255.07000732421875,257.6700134277344,248.646728515625,2845800
2018-10-18,256.75,257.3500061035156,252.69000244140625,254.0500030517578,245.1534881591797,3046800
2018-10-19,254.6699981689453,256.6199951171875,253.14999389648438,253.85000610351562,244.9604949951172,2684200
2018-10-22,254.5500030517578,254.86000061035156,252.1699981689453,252.8000030517578,243.947265625,2102000
2018-10-23,249.0,252.5800018310547,246.83999633789062,251.27999877929688,242.48049926757812,5206500
2018-10-24,251.19000244140625,251.5500030517578,243.25,243.77999877929688,235.24314880371094,4065700
2018-10-25,245.7100067138672,249.7899932861328,244.6699981689453,248.14999389648438,239.46009826660156,4443800
2018-10-26,244.33999633789062,246.97999572753906,241.0399932861328,243.75999450683594,235.2238311767578,5278700
2018-10-29,247.02999877929688,248.35000610351562,238.7899932861328,242.5,234.00794982910156,5126200
2018-10-30,242.30999755859375,246.3800048828125,241.8000030517578,246.2100067138672,237.58804321289062,3619100
2018-10-31,248.72000122070312,251.0800018310547,248.27000427246094,248.7899932861328,240.07766723632812,4073400
2018-11-01,249.6300048828125,251.5399932861328,248.4600067138672,251.3699951171875,242.56732177734375,2870700
2018-11-02,252.44000244140625,252.89999389648438,247.75,249.80999755859375,241.0619659423828,3184500
2018-11-05,250.32000732421875,251.7899932861328,249.38999938964844,251.22999572753906,242.43223571777344,1912100
2018-11-06,251.17999267578125,252.97999572753906,251.1199951171875,252.82000732421875,243.96658325195312,2255200
2018-11-07,255.07000732421875,258.32000732421875,254.64999389648438,258.1600036621094,249.1195831298828,3090800
2018-11-08,257.489990234375,258.44000244140625,256.6499938964844,257.7200012207031,248.69497680664062,2466900
2018-11-09,256.5,256.6400146484375,253.80999755859375,255.33999633789062,246.3983154296875,3078700
2018-11-12,254.69000244140625,254.9600067138672,249.9499969482422,250.41000366210938,241.64097595214844,2710200
2018-11-13,250.9600067138672,253.00999450683594,249.27999877929688,249.99000549316406,241.2356719970703,3097000
2018-11-14,251.9600067138672,252.33999633789062,246.66000366210938,248.27999877929688,239.58554077148438,3619900
2018-11-15,247.02000427246094,251.38999938964844,245.42999267578125,250.85000610351562,242.06556701660156,3911900
2018-11-16,249.77000427246094,252.47000122070312,249.25999450683594,251.49000549316406,242.68313598632812,2342800
2018-11-19,250.94000244140625,251.2100067138672,246.35000610351562,247.32000732421875,238.65919494628906,2973700
2018-11-20,243.83999633789062,245.32000732421875,241.8300018310547,242.77000427246094,234.2685089111328,5000900
2018-11-21,244.24000549316406,245.44000244140625,243.52000427246094,243.5800018310547,235.05014038085938,2425500
2018-11-23,241.8000030517578,243.35000610351562,241.72999572753906,242.00999450683594,233.5351104736328,830900
2018-11-26,244.22999572753906,245.83999633789062,243.85000610351562,245.8000030517578,237.19241333007812,2498500
2018-11-27,244.72999572753906,246.60000610351562,244.1199951171875,246.57000732421875,237.93544006347656,2849700
2018-11-28,247.72000122070312,252.3300018310547,246.75,252.3300018310547,243.4937286376953,3723300
2018-11-29,251.5399932861328,253.25,250.36000061035156,251.80999755859375,242.99192810058594,3279400
2018-11-30,251.63999938964844,253.94000244140625,251.35000610351562,253.47999572753906,244.6034698486328,2992800
2018-12-03,257.6499938964844,257.739990234375,255.05999755859375,256.6099853515625,247.62384033203125,3943500
2018-12-04,255.85000610351562,256.2699890136719,248.05999755859375,248.64999389648438,239.94261169433594,3837400
2018-12-06,244.4199981689453,248.08999633789062,241.1300048828125,248.02000427246094,239.3346710205078,7712700
2018-12-07,247.6300048828125,249.24000549316406,241.3699951171875,242.25999450683594,233.7763671875,3928400
2018-12-10,242.0,243.6199951171875,237.6199951171875,242.5500030517578,234.05621337890625,5983700
2018-12-11,245.9499969482422,246.1199951171875,241.19000244140625,242.6199951171875,234.12376403808594,4543200
2018-12-12,245.8000030517578,247.16000366210938,243.85000610351562,243.9600067138672,235.4168243408203,4117000
2018-12-13,244.86000061035156,245.75999450683594,242.6999969482422,243.8800048828125,235.33963012695312,2610800
2018-12-14,241.64999389648438,242.6300048828125,238.77000427246094,239.3800048828125,230.99722290039062,5088500
2018-12-17,237.05999755859375,238.22000122070312,231.67999267578125,233.22999572753906,226.28103637695312,6127200
2018-12-18,235.0,235.67999267578125,231.47999572753906,233.13999938964844,226.1937255859375,4691400
2018-12-19,233.2100067138672,237.0,227.77999877929688,229.4199981689453,222.5845489501953,8215600
2018-12-20,228.35000610351562,229.89999389648438,223.5399932861328,225.64999389648438,218.92686462402344,12141900
2018-12-21,226.74000549316406,229.4600067138672,220.57000732421875,221.16000366210938,214.57066345214844,11811600
2018-12-24,219.74000549316406,220.8000030517578,215.07000732421875,215.07000732421875,208.66213989257812,8493500
2018-12-26,216.8800048828125,226.10000610351562,214.8300018310547,225.9499969482422,219.2179412841797,11598000
2018-12-27,222.9600067138672,228.1199951171875,219.60000610351562,228.0500030517578,221.25538635253906,9578400
2018-12-28,229.32000732421875,231.07000732421875,226.52000427246094,227.75999450683594,220.97402954101562,7436100
2018-12-31,229.30999755859375,229.97000122070312,227.4499969482422,229.80999755859375,222.96292114257812,6683900
2019-01-02,226.17999267578125,230.85000610351562,226.02000427246094,229.99000549316406,223.13760375976562,4891300
2019-01-03,228.10000610351562,228.4199981689453,223.97000122070312,224.5,217.81114196777344,3329600
2019-01-04,227.5399932861328,232.6199951171875,227.14999389648438,231.91000366210938,225.00038146972656,5100100
2019-01-07,232.2899932861328,235.22999572753906,231.32000732421875,233.64999389648438,226.6885223388672,3706000
2019-01-08,236.0500030517578,236.4600067138672,233.42999267578125,235.9199981689453,228.89089965820312,3546600
2019-01-09,236.7100067138672,237.94000244140625,235.4600067138672,237.00999450683594,229.9484100341797,4565000
2019-01-10,235.64999389648438,238.1699981689453,234.85000610351562,238.0,230.90895080566406,2813500
2019-01-11,236.85000610351562,238.0,236.24000549316406,237.88999938964844,230.80221557617188,2551000
2019-01-14,236.10000610351562,237.38999938964844,235.69000244140625,236.5800018310547,229.53125,2653400
2019-01-15,236.97000122070312,239.58999633789062,236.97000122070312,239.35000610351562,232.21873474121094,5103700
2019-01-16,239.72000122070312,240.77000427246094,239.52000427246094,239.8800048828125,232.73292541503906,4066700
2019-01-17,239.0,242.5500030517578,238.9499969482422,241.6699981689453,234.46957397460938,3059000
2019-01-18,243.55999755859375,245.3699951171875,242.75999450683594,244.9199981689453,237.62274169921875,4943300
2019-01-22,243.38999938964844,243.5800018310547,239.97000122070312,241.66000366210938,234.45989990234375,5786300
2019-01-23,242.67999267578125,243.33999633789062,239.5800018310547,242.02000427246094,234.8091583251953,3076400
2019-01-24,241.89999389648438,242.82000732421875,240.91000366210938,242.25999450683594,235.04200744628906,2197100
2019-01-25,244.11000061035156,245.11000061035156,243.6699981689453,244.32000732421875,237.0406494140625,3677500
2019-01-28,242.08999633789062,242.49000549316406,240.6300048828125,242.42999267578125,235.20693969726562,2407800
2019-01-29,242.5500030517578,243.1199951171875,241.27000427246094,242.1300048828125,234.91587829589844,2436900
2019-01-30,243.66000366210938,246.77999877929688,242.8800048828125,245.9600067138672,238.63177490234375,6028400
2019-01-31,245.86000061035156,248.52999877929688,245.67999267578125,248.00999450683594,240.6206817626953,5308100
2019-02-01,248.30999755859375,249.2899932861328,247.4600067138672,248.22000122070312,240.82444763183594,3718500
2019-02-04,248.3000030517578,250.02000427246094,247.58999633789062,249.99000549316406,242.54171752929688,2541700
2019-02-05,250.44000244140625,251.3300018310547,249.9199981689453,251.10000610351562,243.61862182617188,3613300
2019-02-06,250.75,251.22000122070312,249.9499969482422,250.7899932861328,243.31785583496094,2052200
2019-02-07,249.0399932861328,249.5800018310547,246.6199951171875,248.3300018310547,240.93116760253906,3907800
2019-02-08,247.00999450683594,248.7100067138672,246.1999969482422,248.64999389648438,241.24160766601562,2512600
2019-02-11,249.27999877929688,249.50999450683594,248.22000122070312,248.77999877929688,241.3677520751953,2986600
2019-02-12,250.3800048828125,252.36000061035156,250.33999633789062,252.0,244.49180603027344,5980500
2019-02-13,252.82000732421875,253.66000366210938,252.38999938964844,252.75999450683594,245.2291717529297,3569100
2019-02-14,251.64999389648438,253.36000061035156,250.8300018310547,252.1999969482422,244.68585205078125,3247800
2019-02-15,254.02999877929688,255.0,253.80999755859375,254.97999572753906,247.3830108642578,2806600
2019-02-19,254.14999389648438,256.0899963378906,254.14999389648438,255.4199981689453,247.80990600585938,2509300
2019-02-20,255.41000366210938,256.3800048828125,254.88999938964844,256.010009765625,248.38233947753906,2156300
2019-02-21,255.3300018310547,255.63999938964844,254.0399932861328,255.0800018310547,247.48004150390625,2020000
2019-02-22,255.69000244140625,256.80999755859375,255.4499969482422,256.6099853515625,248.9644317626953,2119400
2019-02-25,258.0899963378906,258.6099853515625,256.8800048828125,256.989990234375,249.33311462402344,2941300
2019-02-26,256.54998779296875,257.6400146484375,256.4100036621094,256.79998779296875,249.14877319335938,4629600
2019-02-27,256.05999755859375,257.0199890136719,255.10000610351562,256.6700134277344,249.02267456054688,2136400
2019-02-28,256.4200134277344,256.8800048828125,255.85000610351562,256.07000732421875,248.44056701660156,2207000
2019-03-01,257.80999755859375,258.2099914550781,256.3299865722656,257.8299865722656,250.14808654785156,2867000
2019-03-04,258.8699951171875,259.1000061035156,254.49000549316406,256.8399963378906,249.18760681152344,3384200
2019-03-05,256.989990234375,257.1700134277344,255.9600067138672,256.5400085449219,248.89657592773438,2475900
2019-03-06,256.6199951171875,256.6199951171875,254.60000610351562,254.89999389648438,247.30538940429688,2514900
2019-03-07,254.47999572753906,254.60000610351562,251.9499969482422,252.85000610351562,245.3164825439453,6441200
2019-03-08,250.8800048828125,252.4499969482422,250.33999633789062,252.33999633789062,244.82168579101562,4522300
2019-03-11,253.0399932861328,256.1199951171875,253.02000427246094,256.0199890136719,248.39202880859375,1884200
2019-03-12,256.5199890136719,257.4599914550781,256.3699951171875,256.92999267578125,249.27493286132812,2271900
2019-03-13,257.8399963378906,259.5899963378906,257.69000244140625,258.67999267578125,250.97274780273438,1974300
2019-03-14,258.67999267578125,259.1199951171875,258.0400085449219,258.5899963378906,250.8854522705078,1557500
2019-03-15,259.0199890136719,260.57000732421875,258.8699951171875,259.8500061035156,252.10794067382812,3151200
2019-03-18,260.0,260.989990234375,259.7699890136719,260.7799987792969,253.0102081298828,1830000
2019-03-19,261.80999755859375,262.5899963378906,259.8800048828125,260.8599853515625,253.0878143310547,4061800
2019-03-20,260.5400085449219,261.7699890136719,258.8399963378906,259.92999267578125,252.18556213378906,3415200
2019-03-21,257.67999267578125,261.8599853515625,257.67999267578125,261.42999267578125,255.06863403320312,2968300
2019-03-22,260.07000732421875,260.6099853515625,256.3699951171875,256.4599914550781,250.21954345703125,4317400
2019-03-25,256.0899963378906,257.2799987792969,254.9499969482422,256.2300109863281,249.9951934814453,2893600
2019-03-26,258.010009765625,259.1199951171875,256.7300109863281,258.0799865722656,251.80014038085938,3177600
2019-03-27,258.1499938964844,258.7300109863281,255.22999572753906,256.8800048828125,250.62936401367188,2714300
2019-03-28,257.45001220703125,258.2200012207031,256.2699890136719,257.8800048828125,251.6050262451172,1716700
2019-03-29,259.3399963378906,259.7200012207031,258.17999267578125,259.5400085449219,253.224609375,2831100
2019-04-01,261.4599914550781,262.7799987792969,261.19000244140625,262.5299987792969,256.1418762207031,3303900
2019-04-02,262.6700134277344,262.8500061035156,261.80999755859375,262.6199951171875,256.22967529296875,1512600
2019-04-03,263.8699951171875,264.25,262.3999938964844,263.1099853515625,256.70770263671875,1933900
2019-04-04,263.3699951171875,263.9599914550781,262.6700134277344,263.739990234375,257.3224182128906,1738500
2019-04-05,264.4200134277344,265.05999755859375,264.1199951171875,265.010009765625,258.5615234375,1505000
2019-04-08,264.57000732421875,265.30999755859375,263.9100036621094,265.239990234375,258.785888671875,1720100
2019-04-09,264.2200012207031,264.5400085449219,263.2900085449219,263.8299865722656,257.4102478027344,2016900
2019-04-10,264.25,264.8399963378906,263.8500061035156,264.739990234375,258.2980651855469,2990600
2019-04-11,265.239990234375,265.239990234375,264.0899963378906,264.69000244140625,258.2492980957031,1567700
2019-04-12,266.3299865722656,266.7699890136719,265.6300048828125,266.4800109863281,259.9957580566406,1903400
2019-04-15,266.57000732421875,266.6400146484375,265.4700012207031,266.29998779296875,259.8200988769531,1584500
2019-04-16,267.20001220703125,267.239990234375,265.8599853515625,266.489990234375,260.0054931640625,2447700
2019-04-17,267.5899963378906,267.6099853515625,265.3999938964844,265.8399963378906,259.3713073730469,1872400
2019-04-18,266.44000244140625,266.6000061035156,265.0799865722656,266.3399963378906,259.859130859375,2788900
2019-04-22,265.55999755859375,266.7099914550781,265.4700012207031,266.6000061035156,260.11285400390625,1126500
2019-04-23,266.9599914550781,269.19000244140625,266.7099914550781,268.8999938964844,262.3568420410156,2618300
2019-04-24,268.8900146484375,269.2099914550781,268.2300109863281,268.3699951171875,261.83978271484375,1393400
2019-04-25,268.2799987792969,268.8800048828125,266.9800109863281,268.2699890136719,261.7421875,1237400
2019-04-26,268.2799987792969,269.5400085449219,267.4599914550781,269.5,262.9422302246094,2172600
2019-04-29,269.55999755859375,270.4100036621094,269.4599914550781,269.8399963378906,263.2739562988281,1892500
2019-04-30,269.55999755859375,270.30999755859375,268.1099853515625,270.010009765625,263.4398498535156,2024600
2019-05-01,270.67999267578125,270.8699951171875,268.0,268.0400085449219,261.5177917480469,2669400
2019-05-02,267.8800048828125,268.79998779296875,265.92999267578125,267.510009765625,261.0007019042969,3009000
2019-05-03,268.9200134277344,270.32000732421875,268.70001220703125,270.04998779296875,263.4788513183594,1969000
2019-05-06,265.6499938964844,269.3599853515625,265.30999755859375,268.9800109863281,262.4349365234375,3966900
2019-05-07,266.4800109863281,267.0799865722656,262.4800109863281,264.6199951171875,258.1810302734375,4752500
2019-05-08,264.1400146484375,265.82000732421875,263.4700012207031,264.1000061035156,257.67364501953125,2662500
2019-05-09,261.94000244140625,263.8399963378906,260.20001220703125,263.2900085449219,256.88336181640625,3094800
2019-05-10,262.3699951171875,265.3800048828125,259.2699890136719,264.5199890136719,258.0834655761719,3131900
2019-05-13,259.3699951171875,260.3399963378906,257.07000732421875,258.0299987792969,251.7513885498047,5548200
2019-05-14,258.989990234375,261.82000732421875,258.8399963378906,260.2699890136719,253.9368438720703,4702600
2019-05-15,258.6300048828125,262.45001220703125,258.3999938964844,261.80999755859375,255.4394073486328,2444100
2019-05-16,262.4700012207031,265.6000061035156,262.45001220703125,264.2099914550781,257.7809753417969,3221500
2019-05-17,261.8900146484375,265.0199890136719,261.8599853515625,262.6099853515625,256.21990966796875,2719500
2019-05-20,260.8999938964844,262.1099853515625,260.0199890136719,260.82000732421875,254.47349548339844,2762600
2019-05-21,262.5,263.510009765625,262.25,263.0299987792969,256.62969970703125,2760500
2019-05-22,262.1199951171875,263.2900085449219,261.8699951171875,262.30999755859375,255.92721557617188,3421500
2019-05-23,260.0799865722656,260.1000061035156,257.67999267578125,259.239990234375,252.93191528320312,3813200
2019-05-24,260.6000061035156,260.989990234375,259.05999755859375,259.69000244140625,253.37100219726562,1833100
2019-05-28,259.9599914550781,260.9599914550781,257.2900085449219,257.3599853515625,251.09764099121094,2565900
2019-05-29,256.1300048828125,256.5199890136719,254.10000610351562,255.58999633789062,249.3707275390625,4593500
2019-05-30,256.2799987792969,257.17999267578125,255.13999938964844,256.29998779296875,250.06344604492188,2977200
2019-05-31,253.6300048828125,254.49000549316406,252.77000427246094,252.8699951171875,246.71690368652344,3698600
2019-06-03,252.8300018310547,253.9600067138672,250.77000427246094,252.1199951171875,245.9851837158203,3825600
2019-06-04,254.47999572753906,257.760009765625,254.02999877929688,257.6700134277344,251.400146484375,3536300
2019-06-05,259.239990234375,259.8800048828125,257.4200134277344,259.8500061035156,253.52708435058594,2646500
2019-06-06,260.1700134277344,262.260009765625,259.510009765625,261.5400085449219,255.1759490966797,2277500
2019-06-07,262.6199951171875,265.2900085449219,262.45001220703125,264.1499938964844,257.7224426269531,1877400
2019-06-10,265.760009765625,267.1000061035156,265.29998779296875,265.3900146484375,258.93231201171875,2845900
2019-06-11,267.25,267.6499938964844,264.69000244140625,265.3399963378906,258.8834533691406,1894500
2019-06-12,265.1199951171875,265.70001220703125,264.3599853515625,264.8399963378906,258.3956604003906,1711900
2019-06-13,265.82000732421875,266.3599853515625,265.1099853515625,266.0199890136719,259.54693603515625,1813700
2019-06-14,265.7099914550781,266.2900085449219,264.9100036621094,265.6199951171875,259.15667724609375,1203300
2019-06-17,265.94000244140625,266.55999755859375,265.6199951171875,265.8599853515625,259.3908386230469,1782500
2019-06-18,267.6499938964844,269.6600036621094,267.29998779296875,268.510009765625,261.9763488769531,2340700
2019-06-19,268.739990234375,269.7200012207031,267.760009765625,269.2200012207031,262.6690673828125,1684500
2019-06-20,271.94000244140625,272.19000244140625,269.7300109863281,271.7300109863281,265.1180114746094,3288100
2019-06-21,271.5299987792969,272.7900085449219,271.1700134277344,271.4100036621094,264.8057861328125,2226000
2019-06-24,271.5899963378906,271.9200134277344,270.8999938964844,271.05999755859375,264.4643249511719,3518400
2019-06-25,271.1000061035156,271.1300048828125,268.2699890136719,268.3800048828125,261.84954833984375,2287100
2019-06-26,269.29998779296875,269.82000732421875,268.0199890136719,268.1199951171875,261.5958557128906,2988700
2019-06-27,267.489990234375,268.19000244140625,267.1700134277344,267.6700134277344,262.51385498046875,2054600
2019-06-28,268.70001220703125,269.54998779296875,268.17999267578125,269.1499938964844,263.9653015136719,2883300
2019-07-01,272.4599914550781,272.6499938964844,270.29998779296875,271.44000244140625,266.211181640625,4497900
2019-07-02,271.4700012207031,272.25,270.6199951171875,272.2300109863281,266.9859924316406,3040700
2019-07-03,272.9100036621094,274.3699951171875,272.760009765625,274.32000732421875,269.03570556640625,2335800
2019-07-05,273.1400146484375,274.25,271.8599853515625,273.9700012207031,268.69244384765625,3362500
2019-07-08,272.7900085449219,273.05999755859375,272.0299987792969,272.6000061035156,267.3488464355469,3131800
2019-07-09,271.3999938964844,273.2200012207031,271.3399963378906,272.94000244140625,267.68231201171875,2532900
2019-07-10,274.0199890136719,275.19000244140625,273.4599914550781,274.2099914550781,268.9278259277344,2853200
2019-07-11,274.8699951171875,275.1099853515625,273.8500061035156,274.760009765625,269.46722412109375,2249400
2019-07-12,275.3900146484375,276.19000244140625,275.05999755859375,276.1099853515625,270.79119873046875,2932300
2019-07-15,276.5299987792969,276.54998779296875,275.7099914550781,276.17999267578125,270.8598937988281,1466200
2019-07-16,276.1199951171875,276.2699890136719,274.989990234375,275.2799987792969,269.97723388671875,1564000
2019-07-17,275.2799987792969,275.3999938964844,273.4200134277344,273.4200134277344,268.1530456542969,1758100
2019-07-18,272.9100036621094,274.7900085449219,272.4700012207031,274.4200134277344,269.1337585449219,3461100
2019-07-19,275.5199890136719,275.5400085449219,272.70001220703125,272.95001220703125,267.69207763671875,2319400
2019-07-22,273.32000732421875,274.1099853515625,272.7900085449219,273.6099853515625,268.33935546875,1304100
2019-07-23,274.7099914550781,275.5,273.8900146484375,275.489990234375,270.18316650390625,1753000
2019-07-24,274.7799987792969,276.7900085449219,274.6700134277344,276.760009765625,271.4287109375,1669900
2019-07-25,276.4100036621094,276.4100036621094,274.67999267578125,275.4100036621094,270.104736328125,1874200
2019-07-26,276.20001220703125,277.54998779296875,276.1000061035156,277.3800048828125,272.0367736816406,1796900
2019-07-29,277.2300109863281,277.2699890136719,276.260009765625,276.8800048828125,271.5464172363281,2925900
2019-07-30,275.45001220703125,276.55999755859375,275.0400085449219,276.2099914550781,270.8893127441406,1751100
2019-07-31,276.3900146484375,276.6099853515625,271.07000732421875,273.0799865722656,267.8195495605469,4910000
2019-08-01,273.2799987792969,276.2799987792969,269.94000244140625,270.7900085449219,265.57373046875,6921000
2019-08-02,269.8900146484375,270.0799865722656,267.1499938964844,268.80999755859375,263.6318664550781,5310400
2019-08-05,264.57000732421875,264.67999267578125,258.70001220703125,260.8800048828125,255.85459899902344,7354000
2019-08-06,262.5299987792969,264.4700012207031,261.05999755859375,264.239990234375,259.1498718261719,4366800
2019-08-07,261.1600036621094,265.2300109863281,258.989990234375,264.4200134277344,259.326416015625,4261200
2019-08-08,266.0,269.5899963378906,265.3999938964844,269.5799865722656,264.38702392578125,3618800
2019-08-09,268.7200012207031,269.2900085449219,266.0,267.70001220703125,262.5432434082031,2616300
2019-08-12,266.239990234375,266.7900085449219,263.57000732421875,264.55999755859375,259.4637145996094,2104500
2019-08-13,264.2200012207031,270.1000061035156,263.9100036621094,268.6600036621094,263.4847412109375,3402300
2019-08-14,264.55999755859375,265.1499938964844,260.57000732421875,260.57000732421875,255.55059814453125,4354800
2019-08-15,261.6199951171875,262.2699890136719,259.3399963378906,261.3900146484375,256.35479736328125,2775200
2019-08-16,263.07000732421875,265.67999267578125,263.0199890136719,265.2200012207031,260.11102294921875,2432700
2019-08-19,268.3599853515625,269.1400146484375,267.6400146484375,268.4800109863281,263.3082275390625,1430800
2019-08-20,267.9800109863281,268.489990234375,266.2900085449219,266.3999938964844,261.26824951171875,1865000
2019-08-21,268.5799865722656,268.92999267578125,267.9200134277344,268.55999755859375,263.38665771484375,2007400
2019-08-22,269.2799987792969,269.9100036621094,266.70001220703125,268.4599914550781,263.2886047363281,1883700
2019-08-23,267.19000244140625,268.8399963378906,260.3299865722656,261.57000732421875,256.5313415527344,4184200
2019-08-26,263.80999755859375,264.4700012207031,262.2699890136719,264.4700012207031,259.3754577636719,2260000
2019-08-27,265.9200134277344,266.260009765625,262.7099914550781,263.42999267578125,258.35546875,2490400
2019-08-28,262.7300109863281,265.45001220703125,262.0,265.260009765625,260.1502685546875,3124000
2019-08-29,267.9100036621094,269.2300109863281,266.8999938964844,268.7099914550781,263.5337829589844,3128700
2019-08-30,270.1499938964844,270.2099914550781,267.6600036621094,268.6000061035156,263.4259033203125,4209200
2019-09-03,266.8299865722656,267.79998779296875,265.67999267578125,267.1099853515625,261.9645690917969,3368500
2019-09-04,269.25,270.05999755859375,268.4800109863281,269.9700012207031,264.76953125,1486100
2019-09-05,272.57000732421875,274.44000244140625,272.4599914550781,273.5400085449219,268.270751953125,1755800
2019-09-06,273.92999267578125,274.3900146484375,273.19000244140625,273.739990234375,268.46685791015625,1890800
2019-09-09,274.79998779296875,274.8299865722656,272.9599914550781,273.80999755859375,268.5355529785156,2158500
2019-09-10,273.1099853515625,273.8800048828125,271.8699951171875,273.8699951171875,268.5943603515625,1870400
2019-09-11,274.1499938964844,275.8399963378906,273.5,275.8399963378906,270.52642822265625,2080300
2019-09-12,276.7099914550781,277.79998779296875,275.94000244140625,276.6499938964844,271.32080078125,2433700
2019-09-13,277.2099914550781,277.5400085449219,276.1499938964844,276.5799865722656,271.25213623046875,2292000
2019-09-16,275.3800048828125,276.1000061035156,275.0400085449219,275.6700134277344,270.3597412109375,1432400
2019-09-17,275.4599914550781,276.4800109863281,275.3399963378906,276.4200134277344,271.0952453613281,1789200
2019-09-18,276.0,276.67999267578125,273.95001220703125,276.5899963378906,271.261962890625,2028700
2019-09-19,277.0,277.9800109863281,276.2300109863281,276.5299987792969,271.2031555175781,2267900
2019-09-20,277.17999267578125,277.4100036621094,274.5,275.04998779296875,269.75164794921875,2052700
2019-09-23,274.5899963378906,275.8999938964844,274.3299865722656,275.239990234375,269.93798828125,1286400
2019-09-24,276.30999755859375,276.67999267578125,272.05999755859375,272.9599914550781,267.7019348144531,5124900
2019-09-25,273.0799865722656,275.0799865722656,271.6000061035156,274.6300048828125,269.3397521972656,2649200
2019-09-26,273.3399963378906,273.54998779296875,271.3500061035156,272.7900085449219,268.80859375,2355000
2019-09-27,273.55999755859375,273.5899963378906,269.7200012207031,271.260009765625,267.3009338378906,2836500
2019-09-30,271.82000732421875,273.2699890136719,271.7900085449219,272.6000061035156,268.6213684082031,2735200
2019-10-01,273.44000244140625,274.0799865722656,269.0899963378906,269.32000732421875,265.3892517089844,3696000
2019-10-02,267.7300109863281,267.7300109863281,263.25,264.57000732421875,260.7085876464844,4463500
2019-10-03,264.3500061035156,266.7300109863281,261.5899963378906,266.6700134277344,262.7779541015625,2988800
2019-10-04,267.45001220703125,270.55999755859375,267.3599853515625,270.3699951171875,266.4239196777344,1907800
2019-10-07,269.55999755859375,271.1600036621094,268.8999938964844,269.2099914550781,265.2808532714844,1821900
2019-10-08,267.2799987792969,268.0199890136719,264.9599914550781,265.0299987792969,261.161865234375,2153100
2019-10-09,267.0400085449219,268.44000244140625,266.3900146484375,267.5,263.5958251953125,1921200
2019-10-10,267.4200134277344,270.20001220703125,267.25,269.32000732421875,265.3892517089844,1559300
2019-10-11,272.1000061035156,274.3500061035156,271.94000244140625,272.1300048828125,268.15826416015625,2806500
2019-10-14,271.7900085449219,272.45001220703125,271.4800109863281,271.8800048828125,267.9118957519531,1215500
2019-10-15,272.8699951171875,275.25,272.7699890136719,274.510009765625,270.50347900390625,1783800
2019-10-16,274.07000732421875,274.7300109863281,273.6199951171875,274.0799865722656,270.07977294921875,1150800
2019-10-17,275.239990234375,275.7200012207031,274.19000244140625,274.82000732421875,270.8089904785156,3100600
2019-10-18,274.3599853515625,274.9700012207031,272.80999755859375,273.69000244140625,269.69549560546875,1152200
2019-10-21,275.04998779296875,275.7200012207031,274.57000732421875,275.6000061035156,271.5776062011719,3017500
2019-10-22,276.0899963378906,276.3299865722656,274.5199890136719,274.6300048828125,270.62176513671875,1601500
2019-10-23,274.4100036621094,275.4800109863281,274.17999267578125,275.44000244140625,271.419921875,1296500
2019-10-24,276.3800048828125,276.510009765625,275.04998779296875,275.8900146484375,271.8633728027344,2220600
2019-10-25,275.3299865722656,277.5400085449219,275.2799987792969,277.0400085449219,272.99658203125,5500900
2019-10-28,278.2200012207031,279.07000732421875,278.2200012207031,278.6499938964844,274.58306884765625,1795900
2019-10-29,278.32000732421875,279.42999267578125,278.17999267578125,278.4700012207031,274.40570068359375,1599200
2019-10-30,278.69000244140625,279.69000244140625,277.3800048828125,279.45001220703125,275.37139892578125,1811300
2019-10-31,279.3500061035156,279.3500061035156,277.1499938964844,278.54998779296875,274.4845275878906,2312100
2019-11-01,280.04998779296875,281.2099914550781,279.9100036621094,281.20001220703125,277.0958557128906,2361900
2019-11-04,282.7900085449219,282.8999938964844,281.9599914550781,282.32000732421875,278.19952392578125,3797500
2019-11-05,282.5799865722656,282.82000732421875,281.7099914550781,281.9599914550781,277.84478759765625,2995600
2019-11-06,282.0400085449219,282.3399963378906,281.1199951171875,282.1099853515625,277.9925537109375,1457200
2019-11-07,283.4599914550781,284.2300109863281,282.5799865722656,283.1099853515625,278.9779968261719,2689600
2019-11-08,282.739990234375,283.79998779296875,282.0,283.79998779296875,279.65789794921875,2328700
2019-11-11,282.42999267578125,283.3699951171875,282.239990234375,283.25,279.1159362792969,1123700
2019-11-12,283.5799865722656,284.7200012207031,283.0299987792969,283.80999755859375,279.6677551269531,1737600
2019-11-13,282.8299865722656,284.32000732421875,282.5899963378906,283.92999267578125,279.7860107421875,1721400
2019-11-14,283.6400146484375,284.3999938964844,282.989990234375,284.30999755859375,280.16046142578125,2244000
2019-11-15,285.6400146484375,286.42999267578125,285.0,286.42999267578125,282.24951171875,1892400
2019-11-18,286.17999267578125,286.8500061035156,285.7099914550781,286.6099853515625,282.4269104003906,2278500
2019-11-19,287.239990234375,287.239990234375,285.8800048828125,286.4700012207031,282.2889404296875,3212500
2019-11-20,285.9100036621094,286.4200134277344,283.8900146484375,285.4599914550781,281.2936706542969,2816300
2019-11-21,285.5199890136719,285.6400146484375,284.1700134277344,285.0199890136719,280.860107421875,2307200
2019-11-22,285.75,285.8599853515625,284.6000061035156,285.6499938964844,281.48089599609375,1266500
2019-11-25,286.6000061035156,287.8399963378906,286.57000732421875,287.82000732421875,283.6192321777344,2040300
2019-11-26,287.9100036621094,288.67999267578125,287.57000732421875,288.3999938964844,284.1907958984375,1795700
2019-11-27,289.05999755859375,289.7799987792969,288.760009765625,289.760009765625,285.5309143066406,1631500
2019-11-29,289.25,289.4800109863281,288.4800109863281,288.6499938964844,284.4371032714844,1988500
2019-12-02,289.0299987792969,289.0299987792969,285.8399963378906,286.29998779296875,282.12139892578125,4416100
2019-12-03,283.5199890136719,284.42999267578125,282.1000061035156,284.2900085449219,280.1407775878906,3236000
2019-12-04,285.4100036621094,286.70001220703125,285.07000732421875,286.1099853515625,281.9341735839844,3188800
2019-12-05,286.8299865722656,286.8299865722656,285.2900085449219,286.6400146484375,282.4564514160156,1597200
2019-12-06,288.5799865722656,289.6499938964844,288.54998779296875,289.19000244140625,284.96923828125,1609400
2019-12-09,288.8699951171875,289.5199890136719,288.2699890136719,288.30999755859375,284.1020812988281,1478900
2019-12-10,288.30999755859375,288.94000244140625,287.3500061035156,288.0400085449219,283.8360290527344,1822700
2019-12-11,288.45001220703125,289.0799865722656,288.0799865722656,288.7900085449219,284.5751037597656,1835400
2019-12-12,288.8500061035156,292.1000061035156,288.6099853515625,291.3299865722656,287.0779724121094,3276600
2019-12-13,291.0899963378906,292.760009765625,290.29998779296875,291.44000244140625,287.1864013671875,3519600
2019-12-16,293.260009765625,294.1099853515625,293.2200012207031,293.5,289.2163391113281,3141900
2019-12-17,293.989990234375,294.19000244140625,293.5,293.55999755859375,289.27545166015625,3658200
2019-12-18,294.0199890136719,294.2200012207031,293.57000732421875,293.5799865722656,289.295166015625,3294400
2019-12-19,293.7799987792969,294.8800048828125,293.75,294.79998779296875,290.4973449707031,2331600
2019-12-20,295.8900146484375,296.760009765625,295.7799987792969,296.29998779296875,291.9754638671875,4985600
2019-12-23,295.489990234375,295.5299987792969,294.989990234375,295.1600036621094,292.2616271972656,2325200
2019-12-24,295.3599853515625,295.3999938964844,294.8500061035156,295.1600036621094,292.2616271972656,1305900
2019-12-26,295.55999755859375,296.69000244140625,295.5199890136719,296.6700134277344,293.7568054199219,2390300
2019-12-27,297.510009765625,297.510009765625,296.1499938964844,296.6700134277344,293.7568054199219,2225400
2019-12-30,296.75,296.8399963378906,294.510009765625,295.0400085449219,292.142822265625,2345400
2019-12-31,294.5299987792969,295.989990234375,294.1700134277344,295.79998779296875,292.8953552246094,2512700
